{
    "constructiveTime": 11.551329135894775, 
    "deepLocalSearchTime": 0.8757150173187256, 
    "executionTime": 13.384312868118286, 
    "fitness": 32018, 
    "localSearchTime": 0.4779982566833496, 
    "nHours": 12, 
    "nNurses": 50, 
    "nursesNeeded": 32
}