{
    "constructiveTime": 3467.876488685608, 
    "deepLocalSearchTime": 0.0646669864654541, 
    "executionTime": 4552.880348920822, 
    "fitness": 33053, 
    "localSearchTime": 0.03953146934509277, 
    "solution": [
        [
            1, 
            1, 
            0, 
            1, 
            0, 
            1, 
            0, 
            1, 
            1, 
            1, 
            1, 
            0, 
            1, 
            1, 
            1, 
            1, 
            1, 
            1, 
            1, 
            0, 
            0, 
            0, 
            0, 
            0
        ], 
        [
            0, 
            0, 
            0, 
            0, 
            0, 
            0, 
            0, 
            1, 
            1, 
            1, 
            1, 
            1, 
            1, 
            1, 
            0, 
            1, 
            1, 
            1, 
            0, 
            1, 
            0, 
            1, 
            1, 
            1
        ], 
        [
            0, 
            0, 
            0, 
            1, 
            1, 
            1, 
            0, 
            1, 
            1, 
            1, 
            0, 
            1, 
            0, 
            1, 
            1, 
            1, 
            1, 
            1, 
            1, 
            1, 
            0, 
            1, 
            0, 
            0
        ], 
        [
            0, 
            0, 
            1, 
            1, 
            1, 
            1, 
            1, 
            0, 
            1, 
            1, 
            1, 
            1, 
            1, 
            0, 
            1, 
            0, 
            1, 
            1, 
            1, 
            1, 
            0, 
            0, 
            0, 
            0
        ], 
        [
            0, 
            0, 
            0, 
            0, 
            0, 
            1, 
            1, 
            1, 
            1, 
            0, 
            1, 
            1, 
            1, 
            0, 
            1, 
            1, 
            0, 
            1, 
            1, 
            1, 
            0, 
            1, 
            1, 
            1
        ], 
        [
            0, 
            0, 
            0, 
            1, 
            1, 
            0, 
            1, 
            1, 
            0, 
            1, 
            0, 
            1, 
            1, 
            0, 
            1, 
            1, 
            1, 
            1, 
            1, 
            1, 
            1, 
            1, 
            0, 
            0
        ], 
        [
            0, 
            1, 
            1, 
            1, 
            0, 
            1, 
            0, 
            1, 
            1, 
            0, 
            1, 
            1, 
            1, 
            1, 
            0, 
            1, 
            1, 
            1, 
            1, 
            1, 
            0, 
            0, 
            0, 
            0
        ], 
        [
            1, 
            0, 
            1, 
            0, 
            1, 
            0, 
            1, 
            1, 
            1, 
            1, 
            1, 
            0, 
            1, 
            1, 
            1, 
            0, 
            1, 
            1, 
            1, 
            1, 
            0, 
            0, 
            0, 
            0
        ], 
        [
            0, 
            0, 
            0, 
            1, 
            1, 
            1, 
            1, 
            1, 
            1, 
            1, 
            1, 
            0, 
            1, 
            1, 
            1, 
            1, 
            0, 
            1, 
            0, 
            1, 
            1, 
            0, 
            0, 
            0
        ], 
        [
            0, 
            0, 
            0, 
            1, 
            1, 
            0, 
            1, 
            1, 
            1, 
            1, 
            1, 
            1, 
            1, 
            0, 
            1, 
            1, 
            0, 
            1, 
            1, 
            0, 
            1, 
            0, 
            1, 
            0
        ], 
        [
            0, 
            0, 
            0, 
            0, 
            0, 
            0, 
            1, 
            1, 
            1, 
            1, 
            1, 
            0, 
            1, 
            1, 
            1, 
            1, 
            0, 
            1, 
            1, 
            1, 
            0, 
            1, 
            0, 
            1
        ], 
        [
            0, 
            0, 
            0, 
            0, 
            1, 
            0, 
            1, 
            1, 
            0, 
            1, 
            1, 
            1, 
            1, 
            1, 
            0, 
            1, 
            1, 
            1, 
            1, 
            1, 
            0, 
            1, 
            0, 
            1
        ], 
        [
            0, 
            0, 
            0, 
            0, 
            1, 
            1, 
            1, 
            1, 
            1, 
            0, 
            1, 
            1, 
            1, 
            1, 
            1, 
            1, 
            1, 
            0, 
            1, 
            0, 
            1, 
            0, 
            1, 
            0
        ], 
        [
            0, 
            0, 
            0, 
            0, 
            0, 
            0, 
            0, 
            1, 
            1, 
            1, 
            1, 
            1, 
            1, 
            1, 
            1, 
            0, 
            1, 
            0, 
            1, 
            1, 
            1, 
            1, 
            1, 
            1
        ], 
        [
            0, 
            0, 
            0, 
            1, 
            1, 
            1, 
            1, 
            1, 
            1, 
            0, 
            1, 
            1, 
            0, 
            1, 
            0, 
            1, 
            1, 
            1, 
            1, 
            0, 
            1, 
            0, 
            1, 
            0
        ], 
        [
            0, 
            0, 
            0, 
            0, 
            1, 
            0, 
            1, 
            1, 
            1, 
            1, 
            1, 
            0, 
            1, 
            1, 
            1, 
            1, 
            0, 
            1, 
            0, 
            1, 
            1, 
            1, 
            1, 
            0
        ], 
        [
            0, 
            0, 
            0, 
            0, 
            0, 
            1, 
            0, 
            1, 
            1, 
            1, 
            1, 
            0, 
            1, 
            1, 
            0, 
            1, 
            1, 
            1, 
            1, 
            1, 
            0, 
            1, 
            1, 
            1
        ], 
        [
            0, 
            0, 
            0, 
            1, 
            1, 
            1, 
            1, 
            0, 
            1, 
            0, 
            1, 
            0, 
            1, 
            1, 
            0, 
            1, 
            1, 
            0, 
            1, 
            1, 
            1, 
            1, 
            1, 
            0
        ], 
        [
            0, 
            0, 
            0, 
            0, 
            0, 
            1, 
            1, 
            1, 
            0, 
            1, 
            1, 
            1, 
            0, 
            1, 
            1, 
            0, 
            1, 
            1, 
            0, 
            1, 
            1, 
            1, 
            1, 
            1
        ], 
        [
            0, 
            0, 
            1, 
            1, 
            0, 
