{
    "constructiveTime": 11.41530466079712, 
    "deepLocalSearchTime": 0.015017986297607422, 
    "executionTime": 11.945032119750977, 
    "fitness": 32018, 
    "localSearchTime": 0.02367401123046875, 
    "nHours": 12, 
    "nNurses": 50, 
    "nursesNeeded": 32
}