{
    "constructiveTime": 12.507791519165039, 
    "deepLocalSearchTime": 0.02717900276184082, 
    "executionTime": 13.02712607383728, 
    "fitness": 32013, 
    "localSearchTime": 0.023031234741210938, 
    "nHours": 12, 
    "nNurses": 50, 
    "nursesNeeded": 32
}