{
    "constructiveTime": 202.42323660850525, 
    "deepLocalSearchTime": 0.05888485908508301, 
    "executionTime": 696.7924230098724, 
    "fitness": 37055, 
    "localSearchTime": 0.015641212463378906, 
    "solution": [
        [
            0, 
            0, 
            0, 
            1, 
            0, 
            1, 
            1, 
            1, 
            1, 
            0, 
            1, 
            0, 
            1, 
            0, 
            1, 
            1, 
            0, 
            1, 
            0, 
            0, 
            0, 
            0, 
            0, 
            0
        ], 
        [
            0, 
            0, 
            0, 
            1, 
            1, 
            1, 
            0, 
            1, 
            1, 
            0, 
            1, 
            1, 
            0, 
            1, 
            1, 
            1, 
            0, 
            0, 
            0, 
            0, 
            0, 
            0, 
            0, 
            0
        ], 
        [
            0, 
            0, 
            0, 
            0, 
            0, 
            1, 
            1, 
            0, 
            1, 
            1, 
            0, 
            1, 
            1, 
            1, 
            1, 
            0, 
            1, 
            0, 
            1, 
            0, 
            0, 
            0, 
            0, 
            0
        ], 
        [
            0, 
            0, 
            0, 
            0, 
            0, 
            1, 
            1, 
            1, 
            0, 
            1, 
            1, 
            1, 
            1, 
            0, 
            1, 
            1, 
            0, 
            1, 
            0, 
            0, 
            0, 
            0, 
            0, 
            0
        ], 
        [
            1, 
            0, 
            1, 
            1, 
            1, 
            0, 
            1, 
            1, 
            0, 
            1, 
            1, 
            1, 
            0, 
            1, 
            0, 
            0, 
            0, 
            0, 
            0, 
            0, 
            0, 
            0, 
            0, 
            0
        ], 
        [
            0, 
            0, 
            0, 
            1, 
            0, 
            1, 
            1, 
            0, 
            1, 
            1, 
            1, 
            1, 
            0, 
            1, 
            0, 
            1, 
            0, 
            1, 
            0, 
            0, 
            0, 
            0, 
            0, 
            0
        ], 
        [
            0, 
            0, 
            0, 
            0, 
            0, 
            1, 
            0, 
            1, 
            1, 
            0, 
            1, 
            1, 
            1, 
            0, 
            1, 
            0, 
            1, 
            1, 
            1, 
            0, 
            0, 
            0, 
            0, 
            0
        ], 
        [
            0, 
            0, 
            0, 
            1, 
            1, 
            1, 
            0, 
            1, 
            1, 
            1, 
            0, 
            1, 
            0, 
            1, 
            1, 
            1, 
            0, 
            0, 
            0, 
            0, 
            0, 
            0, 
            0, 
            0
        ], 
        [
            1, 
            1, 
            0, 
            1, 
            1, 
            0, 
            1, 
            0, 
            1, 
            1, 
            0, 
            1, 
            1, 
            1, 
            0, 
            0, 
            0, 
            0, 
            0, 
            0, 
            0, 
            0, 
            0, 
            0
        ], 
        [
            0, 
            0, 
            0, 
            0, 
            0, 
            0, 
            1, 
            0, 
            1, 
            0, 
            1, 
            1, 
            0, 
            1, 
            0, 
            1, 
            1, 
            1, 
            1, 
            0, 
            1, 
            0, 
            0, 
            0
        ], 
        [
            0, 
            0, 
            0, 
            0, 
            1, 
            1, 
            1, 
            1, 
            0, 
            1, 
            1, 
            1, 
            1, 
            0, 
            1, 
            0, 
            1, 
            0, 
            0, 
            0, 
            0, 
            0, 
            0, 
            0
        ], 
        [
            0, 
            0, 
            0, 
            0, 
            0, 
            0, 
            1, 
            0, 
            1, 
            1, 
            1, 
            0, 
            1, 
            1, 
            0, 
            1, 
            1, 
            0, 
            1, 
            0, 
            1, 
            0, 
            0, 
            0
        ], 
        [
            0, 
            1, 
            1, 
            1, 
            1, 
            0, 
            1, 
            1, 
            0, 
            1, 
            1, 
            0, 
            1, 
            0, 
            1, 
            0, 
            0, 
            0, 
            0, 
            0, 
            0, 
            0, 
            0, 
            0
        ], 
        [
            0, 
            1, 
            0, 
            1, 
            0, 
            1, 
            1, 
            1, 
            0, 
            1, 
            1, 
            0, 
            1, 
            1, 
            0, 
            1, 
            0, 
            0, 
            0, 
            0, 
            0, 
            0, 
            0, 
            0
        ], 
        [
            0, 
            0, 
            0, 
            0, 
            0, 
            1, 
            1, 
            0, 
            1, 
            1, 
            0, 
            1, 
            1, 
            1, 
            1, 
            0, 
            1, 
            1, 
            0, 
            0, 
            0, 
            0, 
            0, 
            0
        ], 
        [
            0, 
            1, 
            1, 
            0, 
            1, 
            1, 
            1, 
            0, 
            1, 
            0, 
            1, 
            1, 
            0, 
            1, 
            1, 
            0, 
            0, 
            0, 
            0, 
            0, 
            0, 
            0, 
            0, 
            0
        ], 
        [
            0, 
            0, 
            0, 
            0, 
            0, 
            0, 
            0, 
            0, 
            1, 
            1, 
            1, 
            0, 
            1, 
            0, 
            1, 
            0, 
            1, 
            1, 
            1, 
            0, 
            1, 
            1, 
            0, 
            0
        ], 
        [
            0, 
            0, 
            0, 
            0, 
            0, 
            1, 
            1, 
            1, 
            0, 
            1, 
            0, 
            1, 
            0, 
            1, 
            1, 
            0, 
            1, 
            1, 
            1, 
            0, 
            0, 
            0, 
            0, 
            0
        ], 
        [
            0, 
            0, 
            0, 
            1, 
            1, 
            0, 
            1, 
            0, 
            1, 
            1, 
            1, 
            0, 
            1, 
            1, 
            1, 
            0, 
            1, 
            0, 
            0, 
            0, 
            0, 
            0, 
            0, 
            0
        ], 
        [
            0, 
            0, 
            0, 
            1, 
            0, 
