{
    "constructiveTime": 3460.913629770279, 
    "deepLocalSearchTime": 0.09882903099060059, 
    "executionTime": 5062.53582406044, 
    "fitness": 32033, 
    "localSearchTime": 0.08548331260681152, 
    "solution": [
        [
            0, 
            0, 
            0, 
            0, 
            1, 
            1, 
            1, 
            1, 
            1, 
            0, 
            1, 
            0, 
            1, 
            1, 
            1, 
            1, 
            0, 
            1, 
            0, 
            1, 
            1, 
            1, 
            1, 
            0
        ], 
        [
            0, 
            0, 
            1, 
            1, 
            1, 
            1, 
            1, 
            1, 
            0, 
            1, 
            0, 
            1, 
            1, 
            0, 
            1, 
            1, 
            1, 
            1, 
            0, 
            1, 
            1, 
            0, 
            0, 
            0
        ], 
        [
            0, 
            1, 
            1, 
            1, 
            0, 
            1, 
            0, 
            1, 
            0, 
            1, 
            1, 
            1, 
            1, 
            1, 
            1, 
            0, 
            1, 
            1, 
            0, 
            1, 
            1, 
            0, 
            0, 
            0
        ], 
        [
            0, 
            0, 
            1, 
            1, 
            0, 
            1, 
            0, 
            1, 
            0, 
            1, 
            0, 
            1, 
            1, 
            1, 
            1, 
            1, 
            1, 
            1, 
            1, 
            0, 
            1, 
            1, 
            0, 
            0
        ], 
        [
            0, 
            0, 
            0, 
            0, 
            0, 
            0, 
            1, 
            1, 
            0, 
            1, 
            1, 
            1, 
            1, 
            1, 
            1, 
            1, 
            1, 
            0, 
            1, 
            1, 
            1, 
            0, 
            1, 
            0
        ], 
        [
            0, 
            0, 
            0, 
            0, 
            0, 
            0, 
            1, 
            0, 
            1, 
            1, 
            1, 
            1, 
            1, 
            1, 
            1, 
            1, 
            0, 
            1, 
            1, 
            1, 
            0, 
            1, 
            1, 
            1
        ], 
        [
            0, 
            0, 
            0, 
            0, 
            0, 
            1, 
            0, 
            1, 
            0, 
            1, 
            1, 
            1, 
            1, 
            0, 
            1, 
            1, 
            1, 
            1, 
            1, 
            1, 
            1, 
            1, 
            0, 
            0
        ], 
        [
            0, 
            0, 
            0, 
            1, 
            1, 
            1, 
            0, 
            1, 
            0, 
            1, 
            1, 
            1, 
            1, 
            1, 
            0, 
            1, 
            1, 
            0, 
            1, 
            0, 
            1, 
            1, 
            1, 
            0
        ], 
        [
            0, 
            0, 
            1, 
            1, 
            1, 
            0, 
            1, 
            1, 
            0, 
            1, 
            1, 
            1, 
            0, 
            1, 
            1, 
            1, 
            0, 
            1, 
            1, 
            0, 
            1, 
            1, 
            0, 
            0
        ], 
        [
            0, 
            0, 
            0, 
            0, 
            0, 
            1, 
            1, 
            0, 
            1, 
            1, 
            1, 
            0, 
            1, 
            1, 
            1, 
            0, 
            1, 
            1, 
            1, 
            1, 
            1, 
            1, 
            0, 
            1
        ], 
        [
            0, 
            0, 
            0, 
            1, 
            1, 
            0, 
            1, 
            0, 
            1, 
            1, 
            1, 
            1, 
            0, 
            1, 
            1, 
            1, 
            1, 
            1, 
            0, 
            1, 
            0, 
            1, 
            1, 
            0
        ], 
        [
            0, 
            0, 
            0, 
            0, 
            1, 
            1, 
            1, 
            1, 
            1, 
            1, 
            0, 
            1, 
            0, 
            1, 
            1, 
            1, 
            1, 
            1, 
            0, 
            1, 
            0, 
            1, 
            0, 
            1
        ], 
        [
            1, 
            0, 
            1, 
            1, 
            1, 
            0, 
            1, 
            0, 
            1, 
            0, 
            1, 
            0, 
            1, 
            1, 
            1, 
            1, 
            1, 
            1, 
            1, 
            1, 
            0, 
            0, 
            0, 
            0
        ], 
        [
            0, 
            0, 
            1, 
            0, 
            1, 
            1, 
            0, 
            1, 
            1, 
            1, 
            0, 
            1, 
            1, 
            1, 
            1, 
            1, 
            1, 
            1, 
            0, 
            1, 
            0, 
            1, 
            0, 
            0
        ], 
        [
            0, 
            0, 
            0, 
            0, 
            1, 
            1, 
            1, 
            0, 
            1, 
            1, 
            1, 
            1, 
            1, 
            0, 
            1, 
            1, 
            1, 
            0, 
            1, 
            1, 
            0, 
            1, 
            1, 
            0
        ], 
        [
            0, 
            0, 
            0, 
            0, 
            1, 
            0, 
            1, 
            1, 
            1, 
            1, 
            1, 
            0, 
            1, 
            0, 
            1, 
            1, 
            1, 
            1, 
            1, 
            1, 
            1, 
            1, 
            0, 
            0
        ], 
        [
            0, 
            0, 
            1, 
            0, 
            1, 
            0, 
            1, 
            1, 
            1, 
            1, 
            1, 
            1, 
            1, 
            1, 
            0, 
            1, 
            1, 
            1, 
            0, 
            1, 
            0, 
            1, 
            0, 
            0
        ], 
        [
            0, 
            0, 
            0, 
            0, 
            1, 
            0, 
            1, 
            0, 
            1, 
            0, 
            1, 
            1, 
            1, 
            1, 
            1, 
            0, 
            1, 
            1, 
            1, 
            1, 
            0, 
            1, 
            1, 
            1
        ], 
        [
            0, 
            0, 
            0, 
            0, 
            0, 
            1, 
            1, 
            0, 
            1, 
            1, 
            1, 
            0, 
            1, 
            1, 
            0, 
            1, 
            1, 
            1, 
            1, 
            1, 
            1, 
            1, 
            0, 
            1
        ], 
        [
            0, 
            0, 
            0, 
            1, 
            0, 
